--
-- PostgreSQL database dump
--

-- Dumped from database version 9.5.6
-- Dumped by pg_dump version 9.5.6

SET statement_timeout = 0;
SET lock_timeout = 0;
SET client_encoding = 'UTF8';
SET standard_conforming_strings = on;
SET check_function_bodies = false;
SET client_min_messages = warning;
SET row_security = off;

SET search_path = public, pg_catalog;

ALTER TABLE ONLY public.routes DROP CONSTRAINT routes_target_foreign;
ALTER TABLE ONLY public.routes DROP CONSTRAINT routes_source_foreign;
ALTER TABLE ONLY public.route_vehicles DROP CONSTRAINT route_vehicles_vehicle_id_foreign;
ALTER TABLE ONLY public.route_vehicles DROP CONSTRAINT route_vehicles_route_id_foreign;
ALTER TABLE ONLY public.locations DROP CONSTRAINT locations_location_type_id_foreign;
DROP INDEX public.password_resets_token_index;
DROP INDEX public.password_resets_email_index;
ALTER TABLE ONLY public.vehicles DROP CONSTRAINT vehicles_pkey;
ALTER TABLE ONLY public.users DROP CONSTRAINT users_pkey;
ALTER TABLE ONLY public.users DROP CONSTRAINT users_email_unique;
ALTER TABLE ONLY public.routes DROP CONSTRAINT routes_pkey;
ALTER TABLE ONLY public.route_vehicles DROP CONSTRAINT route_vehicles_pkey;
ALTER TABLE ONLY public.migrations DROP CONSTRAINT migrations_pkey;
ALTER TABLE ONLY public.locations DROP CONSTRAINT locations_pkey;
ALTER TABLE ONLY public.location_types DROP CONSTRAINT location_types_pkey;
ALTER TABLE public.vehicles ALTER COLUMN id DROP DEFAULT;
ALTER TABLE public.users ALTER COLUMN id DROP DEFAULT;
ALTER TABLE public.routes ALTER COLUMN id DROP DEFAULT;
ALTER TABLE public.route_vehicles ALTER COLUMN id DROP DEFAULT;
ALTER TABLE public.migrations ALTER COLUMN id DROP DEFAULT;
ALTER TABLE public.locations ALTER COLUMN id DROP DEFAULT;
ALTER TABLE public.location_types ALTER COLUMN id DROP DEFAULT;
DROP SEQUENCE public.vehicles_id_seq;
DROP TABLE public.vehicles;
DROP SEQUENCE public.users_id_seq;
DROP TABLE public.users;
DROP SEQUENCE public.routes_id_seq;
DROP TABLE public.routes;
DROP SEQUENCE public.route_vehicles_id_seq;
DROP TABLE public.route_vehicles;
DROP TABLE public.password_resets;
DROP SEQUENCE public.migrations_id_seq;
DROP TABLE public.migrations;
DROP SEQUENCE public.locations_id_seq;
DROP TABLE public.locations;
DROP SEQUENCE public.location_types_id_seq;
DROP TABLE public.location_types;
DROP FUNCTION public.reset_sequence(tablename text, columnname text);
DROP EXTENSION pgrouting;
DROP EXTENSION postgis;
DROP EXTENSION plpgsql;
DROP SCHEMA public;
--
-- Name: public; Type: SCHEMA; Schema: -; Owner: postgres
--

CREATE SCHEMA public;


ALTER SCHEMA public OWNER TO postgres;

--
-- Name: SCHEMA public; Type: COMMENT; Schema: -; Owner: postgres
--

COMMENT ON SCHEMA public IS 'standard public schema';


--
-- Name: plpgsql; Type: EXTENSION; Schema: -; Owner: 
--

CREATE EXTENSION IF NOT EXISTS plpgsql WITH SCHEMA pg_catalog;


--
-- Name: EXTENSION plpgsql; Type: COMMENT; Schema: -; Owner: 
--

COMMENT ON EXTENSION plpgsql IS 'PL/pgSQL procedural language';


--
-- Name: postgis; Type: EXTENSION; Schema: -; Owner: 
--

CREATE EXTENSION IF NOT EXISTS postgis WITH SCHEMA public;


--
-- Name: EXTENSION postgis; Type: COMMENT; Schema: -; Owner: 
--

COMMENT ON EXTENSION postgis IS 'PostGIS geometry, geography, and raster spatial types and functions';


--
-- Name: pgrouting; Type: EXTENSION; Schema: -; Owner: 
--

CREATE EXTENSION IF NOT EXISTS pgrouting WITH SCHEMA public;


--
-- Name: EXTENSION pgrouting; Type: COMMENT; Schema: -; Owner: 
--

COMMENT ON EXTENSION pgrouting IS 'pgRouting Extension';


SET search_path = public, pg_catalog;

--
-- Name: reset_sequence(text, text); Type: FUNCTION; Schema: public; Owner: homestead
--

CREATE FUNCTION reset_sequence(tablename text, columnname text) RETURNS bigint
    LANGUAGE plpgsql
    AS $$
DECLARE seqname character varying;
        c integer;
BEGIN
    select tablename || '_' || columnname || '_seq' into seqname;
    EXECUTE 'SELECT max("' || columnname || '") FROM "' || tablename || '"' into c;
    if c is null then c = 0; end if;
    c = c+1; --because of substitution of setval with "alter sequence"
    --EXECUTE 'SELECT setval( "' || seqname || '", ' || cast(c as character varying) || ', false)'; DOES NOT WORK!!!
    EXECUTE 'alter sequence ' || seqname ||' restart with ' || cast(c as character varying);
    RETURN nextval(seqname)-1;
END;
$$;


ALTER FUNCTION public.reset_sequence(tablename text, columnname text) OWNER TO homestead;

SET default_tablespace = '';

SET default_with_oids = false;

--
-- Name: location_types; Type: TABLE; Schema: public; Owner: homestead
--

CREATE TABLE location_types (
    id integer NOT NULL,
    name character varying(255) NOT NULL,
    created_at timestamp(0) without time zone,
    updated_at timestamp(0) without time zone,
    deleted_at timestamp(0) without time zone
);


ALTER TABLE location_types OWNER TO homestead;

--
-- Name: location_types_id_seq; Type: SEQUENCE; Schema: public; Owner: homestead
--

CREATE SEQUENCE location_types_id_seq
    START WITH 1
    INCREMENT BY 1
    NO MINVALUE
    NO MAXVALUE
    CACHE 1;


ALTER TABLE location_types_id_seq OWNER TO homestead;

--
-- Name: location_types_id_seq; Type: SEQUENCE OWNED BY; Schema: public; Owner: homestead
--

ALTER SEQUENCE location_types_id_seq OWNED BY location_types.id;


--
-- Name: locations; Type: TABLE; Schema: public; Owner: homestead
--

CREATE TABLE locations (
    id integer NOT NULL,
    name character varying(255) NOT NULL,
    created_at timestamp(0) without time zone,
    updated_at timestamp(0) without time zone,
    deleted_at timestamp(0) without time zone,
    location_type_id integer
);


ALTER TABLE locations OWNER TO homestead;

--
-- Name: locations_id_seq; Type: SEQUENCE; Schema: public; Owner: homestead
--

CREATE SEQUENCE locations_id_seq
    START WITH 1
    INCREMENT BY 1
    NO MINVALUE
    NO MAXVALUE
    CACHE 1;


ALTER TABLE locations_id_seq OWNER TO homestead;

--
-- Name: locations_id_seq; Type: SEQUENCE OWNED BY; Schema: public; Owner: homestead
--

ALTER SEQUENCE locations_id_seq OWNED BY locations.id;


--
-- Name: migrations; Type: TABLE; Schema: public; Owner: homestead
--

CREATE TABLE migrations (
    id integer NOT NULL,
    migration character varying(255) NOT NULL,
    batch integer NOT NULL
);


ALTER TABLE migrations OWNER TO homestead;

--
-- Name: migrations_id_seq; Type: SEQUENCE; Schema: public; Owner: homestead
--

CREATE SEQUENCE migrations_id_seq
    START WITH 1
    INCREMENT BY 1
    NO MINVALUE
    NO MAXVALUE
    CACHE 1;


ALTER TABLE migrations_id_seq OWNER TO homestead;

--
-- Name: migrations_id_seq; Type: SEQUENCE OWNED BY; Schema: public; Owner: homestead
--

ALTER SEQUENCE migrations_id_seq OWNED BY migrations.id;


--
-- Name: password_resets; Type: TABLE; Schema: public; Owner: homestead
--

CREATE TABLE password_resets (
    email character varying(255) NOT NULL,
    token character varying(255) NOT NULL,
    created_at timestamp(0) without time zone
);


ALTER TABLE password_resets OWNER TO homestead;

--
-- Name: route_vehicles; Type: TABLE; Schema: public; Owner: homestead
--

CREATE TABLE route_vehicles (
    id integer NOT NULL,
    route_id bigint NOT NULL,
    vehicle_id bigint NOT NULL,
    created_at timestamp(0) without time zone,
    updated_at timestamp(0) without time zone,
    deleted_at timestamp(0) without time zone
);


ALTER TABLE route_vehicles OWNER TO homestead;

--
-- Name: route_vehicles_id_seq; Type: SEQUENCE; Schema: public; Owner: homestead
--

CREATE SEQUENCE route_vehicles_id_seq
    START WITH 1
    INCREMENT BY 1
    NO MINVALUE
    NO MAXVALUE
    CACHE 1;


ALTER TABLE route_vehicles_id_seq OWNER TO homestead;

--
-- Name: route_vehicles_id_seq; Type: SEQUENCE OWNED BY; Schema: public; Owner: homestead
--

ALTER SEQUENCE route_vehicles_id_seq OWNED BY route_vehicles.id;


--
-- Name: routes; Type: TABLE; Schema: public; Owner: homestead
--

CREATE TABLE routes (
    id integer NOT NULL,
    name character varying(255) NOT NULL,
    cost double precision NOT NULL,
    source integer,
    target integer,
    created_at timestamp(0) without time zone,
    updated_at timestamp(0) without time zone,
    deleted_at timestamp(0) without time zone
);


ALTER TABLE routes OWNER TO homestead;

--
-- Name: routes_id_seq; Type: SEQUENCE; Schema: public; Owner: homestead
--

CREATE SEQUENCE routes_id_seq
    START WITH 1
    INCREMENT BY 1
    NO MINVALUE
    NO MAXVALUE
    CACHE 1;


ALTER TABLE routes_id_seq OWNER TO homestead;

--
-- Name: routes_id_seq; Type: SEQUENCE OWNED BY; Schema: public; Owner: homestead
--

ALTER SEQUENCE routes_id_seq OWNED BY routes.id;


--
-- Name: users; Type: TABLE; Schema: public; Owner: homestead
--

CREATE TABLE users (
    id integer NOT NULL,
    name character varying(255) NOT NULL,
    email character varying(255) NOT NULL,
    password character varying(255) NOT NULL,
    remember_token character varying(100),
    created_at timestamp(0) without time zone,
    updated_at timestamp(0) without time zone
);


ALTER TABLE users OWNER TO homestead;

--
-- Name: users_id_seq; Type: SEQUENCE; Schema: public; Owner: homestead
--

CREATE SEQUENCE users_id_seq
    START WITH 1
    INCREMENT BY 1
    NO MINVALUE
    NO MAXVALUE
    CACHE 1;


ALTER TABLE users_id_seq OWNER TO homestead;

--
-- Name: users_id_seq; Type: SEQUENCE OWNED BY; Schema: public; Owner: homestead
--

ALTER SEQUENCE users_id_seq OWNED BY users.id;


--
-- Name: vehicles; Type: TABLE; Schema: public; Owner: homestead
--

CREATE TABLE vehicles (
    id integer NOT NULL,
    name character varying(255) NOT NULL,
    created_at timestamp(0) without time zone,
    updated_at timestamp(0) without time zone,
    deleted_at timestamp(0) without time zone
);


ALTER TABLE vehicles OWNER TO homestead;

--
-- Name: vehicles_id_seq; Type: SEQUENCE; Schema: public; Owner: homestead
--

CREATE SEQUENCE vehicles_id_seq
    START WITH 1
    INCREMENT BY 1
    NO MINVALUE
    NO MAXVALUE
    CACHE 1;


ALTER TABLE vehicles_id_seq OWNER TO homestead;

--
-- Name: vehicles_id_seq; Type: SEQUENCE OWNED BY; Schema: public; Owner: homestead
--

ALTER SEQUENCE vehicles_id_seq OWNED BY vehicles.id;


--
-- Name: id; Type: DEFAULT; Schema: public; Owner: homestead
--

ALTER TABLE ONLY location_types ALTER COLUMN id SET DEFAULT nextval('location_types_id_seq'::regclass);


--
-- Name: id; Type: DEFAULT; Schema: public; Owner: homestead
--

ALTER TABLE ONLY locations ALTER COLUMN id SET DEFAULT nextval('locations_id_seq'::regclass);


--
-- Name: id; Type: DEFAULT; Schema: public; Owner: homestead
--

ALTER TABLE ONLY migrations ALTER COLUMN id SET DEFAULT nextval('migrations_id_seq'::regclass);


--
-- Name: id; Type: DEFAULT; Schema: public; Owner: homestead
--

ALTER TABLE ONLY route_vehicles ALTER COLUMN id SET DEFAULT nextval('route_vehicles_id_seq'::regclass);


--
-- Name: id; Type: DEFAULT; Schema: public; Owner: homestead
--

ALTER TABLE ONLY routes ALTER COLUMN id SET DEFAULT nextval('routes_id_seq'::regclass);


--
-- Name: id; Type: DEFAULT; Schema: public; Owner: homestead
--

ALTER TABLE ONLY users ALTER COLUMN id SET DEFAULT nextval('users_id_seq'::regclass);


--
-- Name: id; Type: DEFAULT; Schema: public; Owner: homestead
--

ALTER TABLE ONLY vehicles ALTER COLUMN id SET DEFAULT nextval('vehicles_id_seq'::regclass);


--
-- Data for Name: location_types; Type: TABLE DATA; Schema: public; Owner: homestead
--

COPY location_types (id, name, created_at, updated_at, deleted_at) FROM stdin;
2	Thị Trấn	\N	\N	\N
3	Thủ Đô	\N	\N	\N
4	Thị Xã	\N	\N	\N
5	Huyện	\N	\N	\N
6	Chưa xác định	\N	\N	\N
7	Sân Bay	\N	\N	\N
8	Xã	\N	\N	\N
9	Điểm Cực Bắc	\N	\N	\N
10	Ngã Ba	\N	\N	\N
11	Di tích	\N	\N	\N
12	Cửa Khẩu	\N	\N	\N
13	Điểm Du Lịch	\N	\N	\N
14	Thôn	\N	\N	\N
15	Điểm Cực Tây	\N	\N	\N
16	Di Tích	\N	\N	\N
17	Địa Danh	\N	\N	\N
1	Thành phố	\N	2017-03-26 11:10:44	\N
\.


--
-- Name: location_types_id_seq; Type: SEQUENCE SET; Schema: public; Owner: homestead
--

SELECT pg_catalog.setval('location_types_id_seq', 18, true);


--
-- Data for Name: locations; Type: TABLE DATA; Schema: public; Owner: homestead
--

COPY locations (id, name, created_at, updated_at, deleted_at, location_type_id) FROM stdin;
1	Tân An	\N	\N	\N	1
2	Mỹ Tho	\N	\N	\N	1
3	Vĩnh Long	\N	\N	\N	1
4	Cần Thơ	\N	\N	\N	1
5	Sóc Trăng	\N	\N	\N	1
6	Bạc Liêu	\N	\N	\N	1
7	Cà Mau	\N	\N	\N	1
8	Năm Căn	\N	\N	\N	2
9	Biên Hòa 	\N	\N	\N	1
10	Phan Thiết	\N	\N	\N	1
11	Phan Rang - Tháp Chàm	\N	\N	\N	1
12	Nha Trang 	\N	\N	\N	1
13	Tuy Hòa 	\N	\N	\N	1
14	Quy Nhơn	\N	\N	\N	1
15	Quảng Ngãi	\N	\N	\N	1
16	Tam Kỳ 	\N	\N	\N	1
17	Đà Nẵng 	\N	\N	\N	1
18	Huế 	\N	\N	\N	1
19	Đông Hà 	\N	\N	\N	1
20	Đồng Hới	\N	\N	\N	1
21	Hà Tĩnh 	\N	\N	\N	1
22	Vinh	\N	\N	\N	1
23	Thanh Hóa	\N	\N	\N	1
24	Ninh Bình	\N	\N	\N	1
25	Phủ Lý	\N	\N	\N	1
26	Hà Nội 	\N	\N	\N	3
27	Bắc Ninh	\N	\N	\N	1
28	Bắc Giang	\N	\N	\N	1
29	Lạng Sơn	\N	\N	\N	1
30	Đồng Đăng	\N	\N	\N	2
31	Thủ Dầu Một	\N	\N	\N	1
32	Chơn Thành	\N	\N	\N	2
33	Đồng Xoài	\N	\N	\N	4
34	Gia Nghĩa	\N	\N	\N	4
35	Buôn Ma Thuột	\N	\N	\N	1
36	Plei Ku	\N	\N	\N	1
37	Kon Tum	\N	\N	\N	1
38	Ngọc Hồi 	\N	\N	\N	5
39	Khâm Đức 	\N	\N	\N	2
40	Thạnh Mỹ	\N	\N	\N	2
41	A Lưới 	\N	\N	\N	2
42	Khe Sanh	\N	\N	\N	2
43	Xuân Sơn	\N	\N	\N	6
44	Hương Khê	\N	\N	\N	2
45	Tân Kỳ	\N	\N	\N	2
46	Lam Sơn	\N	\N	\N	6
47	Hà Nội	\N	\N	\N	3
48	Hòa Bình	\N	\N	\N	1
49	Sơn La 	\N	\N	\N	1
50	Điện Biên Phủ	\N	\N	\N	1
51	Lai Châu	\N	\N	\N	1
52	Vĩnh Yên	\N	\N	\N	1
53	Việt Trì	\N	\N	\N	1
54	Tuyên Quang	\N	\N	\N	1
55	Hà Giang	\N	\N	\N	1
56	Tam Đảo	\N	\N	\N	2
57	Sân Bay Nội Bài	\N	\N	\N	7
58	Sơn Dương	\N	\N	\N	2
59	Đoan Hùng	\N	\N	\N	2
60	Bơ	\N	\N	\N	6
61	Vĩnh Tuy	\N	\N	\N	2
62	Việt Quang	\N	\N	\N	2
63	Tân Quang	\N	\N	\N	8
64	Vị Xuyên	\N	\N	\N	2
65	Quản Bạ 	\N	\N	\N	5
66	Yên Minh 	\N	\N	\N	2
67	Phó Bảng	\N	\N	\N	2
68	Đồng Văn	\N	\N	\N	2
69	Lũng Cú	\N	\N	\N	9
70	Mèo Vạc	\N	\N	\N	2
71	Xín Cái + CK Săm Pun	\N	\N	\N	8
72	Khâu Vai	\N	\N	\N	8
73	Cốc Pàng	\N	\N	\N	8
74	Bảo Lạc	\N	\N	\N	2
75	Minh Ngọc	\N	\N	\N	8
76	Du Già	\N	\N	\N	8
77	Mậu Duệ	\N	\N	\N	8
78	Lũng Phìn	\N	\N	\N	8
79	Bắc Mê	\N	\N	\N	6
80	Bảo Lâm	\N	\N	\N	6
81	Đà Vị	\N	\N	\N	8
82	Tĩnh Túc	\N	\N	\N	2
83	Nguyên Bình	\N	\N	\N	2
84	Cao Bằng	\N	\N	\N	1
85	Na Hang	\N	\N	\N	2
86	Chợ Rã	\N	\N	\N	2
87	Hà Hiệu	\N	\N	\N	8
88	Nà Phặc	\N	\N	\N	2
89	Ngân Sơn	\N	\N	\N	2
90	Na Rì	\N	\N	\N	5
91	Bình Gia	\N	\N	\N	2
92	Văn Quan	\N	\N	\N	2
93	Chi Lăng	\N	\N	\N	5
94	An Châu	\N	\N	\N	8
95	Hạ Long	\N	\N	\N	1
96	Đôn Chương	\N	\N	\N	10
97	Pác Bó	\N	\N	\N	11
98	CK. Sóc Giang	\N	\N	\N	12
99	Trà Lĩnh	\N	\N	\N	5
100	Trùng Khánh	\N	\N	\N	2
101	Thác Bản Giốc	\N	\N	\N	13
102	Bằng Ca	\N	\N	\N	8
103	Hạ Lang	\N	\N	\N	5
104	Quảng Uyên	\N	\N	\N	2
105	Na Rài	\N	\N	\N	6
106	CK. Tà Lung	\N	\N	\N	12
107	Đông Khê	\N	\N	\N	2
108	Thất Khê	\N	\N	\N	2
109	Na Sầm 	\N	\N	\N	2
110	CK. Hữu Nghị	\N	\N	\N	12
111	Lộc Bình	\N	\N	\N	2
112	CK. Chi Ma	\N	\N	\N	12
113	Đình Lập	\N	\N	\N	2
114	Tiên Yên	\N	\N	\N	2
115	CK.Hoàng Mô	\N	\N	\N	12
116	Móng Cái	\N	\N	\N	1
117	Kép	\N	\N	\N	2
118	Lục Nam	\N	\N	\N	5
119	Thái Nguyên	\N	\N	\N	1
120	Lục Ngạn	\N	\N	\N	5
121	Chí Linh	\N	\N	\N	4
122	Nam Sách 	\N	\N	\N	2
123	Uông Bí	\N	\N	\N	1
124	An Lão	\N	\N	\N	2
125	Tiền Trung	\N	\N	\N	6
126	Hải Dương	\N	\N	\N	1
127	Hải Phòng	\N	\N	\N	1
128	Đồ Sơn	\N	\N	\N	13
129	Thái Bình (mồ hôi rơi)	\N	\N	\N	1
130	Đồng Châu	\N	\N	\N	13
131	Nam Định	\N	\N	\N	1
132	Thịnh Long	\N	\N	\N	13
133	Làng Đát	\N	\N	\N	6
134	Yên Bái	\N	\N	\N	1
135	Khánh Hòa	\N	\N	\N	8
136	Lục Yên	\N	\N	\N	5
137	Phố Ràng	\N	\N	\N	2
138	Yên Bình	\N	\N	\N	8
139	Bắc Ngầm	\N	\N	\N	14
140	Lào Cai	\N	\N	\N	1
141	Bắc Hà	\N	\N	\N	5
142	Xín Mần	\N	\N	\N	5
143	Hoàng Su Phì	\N	\N	\N	5
144	Si Ma Cai	\N	\N	\N	5
145	Pha Long	\N	\N	\N	8
146	Mường Khương	\N	\N	\N	5
147	Sa Pa 	\N	\N	\N	2
148	Bản Xèo	\N	\N	\N	8
149	Y Tý	\N	\N	\N	8
150	A Mú Sung	\N	\N	\N	8
151	Bát Xát	\N	\N	\N	5
152	Bình Lư	\N	\N	\N	8
153	Tân Uyên	\N	\N	\N	5
154	Than Uyên	\N	\N	\N	2
155	Văn Bàn	\N	\N	\N	5
156	Quỳnh Nhai	\N	\N	\N	5
157	Minh Thắng	\N	\N	\N	8
158	Sơn La	\N	\N	\N	1
159	Tuần Giáo	\N	\N	\N	2
160	Mường Lay	\N	\N	\N	2
161	Thuận Châu	\N	\N	\N	2
162	Mường Chà	\N	\N	\N	2
163	Sìn Hồ	\N	\N	\N	5
164	Mường Tè	\N	\N	\N	2
165	Phong Thổ	\N	\N	\N	2
166	CK. Ma Lù Thàng	\N	\N	\N	12
167	Pa Tần	\N	\N	\N	8
168	Pác Ma	\N	\N	\N	6
169	Chung Chải	\N	\N	\N	8
170	A Pa Chải	\N	\N	\N	15
171	Mường Nhé	\N	\N	\N	2
172	Chà Cang	\N	\N	\N	8
173	Mường Phăng	\N	\N	\N	11
174	Điện Biên Đông	\N	\N	\N	5
175	Sông Mã	\N	\N	\N	2
176	Chiềng Khương	\N	\N	\N	8
177	Ngã Ba Cò Nòi	\N	\N	\N	17
178	Mộc Châu	\N	\N	\N	5
179	Mai Châu	\N	\N	\N	5
180	Tân Lạc	\N	\N	\N	5
181	Xuân Mai	\N	\N	\N	2
182	TP. Hồ Chí Minh	\N	\N	\N	1
183	Quản Bạ	\N	\N	\N	5
184	Yên Minh	\N	\N	\N	2
185	Vĩnh Yên 	\N	\N	\N	1
186	Du Già 	\N	\N	\N	8
187	Cao Bằng 	\N	\N	\N	1
188	Nam Sách	\N	\N	\N	2
189	Thái Bình	\N	\N	\N	1
191	test	2017-03-26 14:32:36	2017-03-26 14:32:50	2017-03-26 14:32:50	2
\.


--
-- Name: locations_id_seq; Type: SEQUENCE SET; Schema: public; Owner: homestead
--

SELECT pg_catalog.setval('locations_id_seq', 191, true);


--
-- Data for Name: migrations; Type: TABLE DATA; Schema: public; Owner: homestead
--

COPY migrations (id, migration, batch) FROM stdin;
1	2014_10_12_000000_create_users_table	1
2	2014_10_12_100000_create_password_resets_table	1
3	2017_03_25_072603_create_location_types_table	1
4	2017_03_25_072603_create_locations_table	1
5	2017_03_25_072603_create_route_vehicles_table	1
6	2017_03_25_072603_create_routes_table	1
7	2017_03_25_072603_create_vehicles_table	1
8	2017_03_25_072613_create_foreign_keys	1
\.


--
-- Name: migrations_id_seq; Type: SEQUENCE SET; Schema: public; Owner: homestead
--

SELECT pg_catalog.setval('migrations_id_seq', 9, true);


--
-- Data for Name: password_resets; Type: TABLE DATA; Schema: public; Owner: homestead
--

COPY password_resets (email, token, created_at) FROM stdin;
\.


--
-- Data for Name: route_vehicles; Type: TABLE DATA; Schema: public; Owner: homestead
--

COPY route_vehicles (id, route_id, vehicle_id, created_at, updated_at, deleted_at) FROM stdin;
\.


--
-- Name: route_vehicles_id_seq; Type: SEQUENCE SET; Schema: public; Owner: homestead
--

SELECT pg_catalog.setval('route_vehicles_id_seq', 1, true);


--
-- Data for Name: routes; Type: TABLE DATA; Schema: public; Owner: homestead
--

COPY routes (id, name, cost, source, target, created_at, updated_at, deleted_at) FROM stdin;
1	1A	47	182	1	\N	\N	\N
2	1A	75	182	2	\N	\N	\N
3	1A	136	182	3	\N	\N	\N
4	1A	166	182	4	\N	\N	\N
5	1A	226	182	5	\N	\N	\N
6	1A	276	182	6	\N	\N	\N
7	1A	345	182	7	\N	\N	\N
8	1A	395	182	8	\N	\N	\N
9	1A	30	182	9	\N	\N	\N
10	1A	196	182	10	\N	\N	\N
11	1A	345	182	11	\N	\N	\N
12	1A	446	182	12	\N	\N	\N
13	1A	570	182	13	\N	\N	\N
14	1A	670	182	14	\N	\N	\N
15	1A	858	182	15	\N	\N	\N
16	1A	923	182	16	\N	\N	\N
17	1A	977	182	17	\N	\N	\N
18	1A	1075	182	18	\N	\N	\N
19	1A	1142	182	19	\N	\N	\N
20	1A	1237	182	20	\N	\N	\N
21	1A	1387	182	21	\N	\N	\N
22	1A	1437	182	22	\N	\N	\N
23	1A	1575	182	23	\N	\N	\N
24	1A	1635	182	24	\N	\N	\N
25	1A	1669	182	25	\N	\N	\N
26	1A	1727	182	26	\N	\N	\N
27	1A	39	47	27	\N	\N	\N
28	1A	57	47	28	\N	\N	\N
29	1A	160	47	29	\N	\N	\N
30	1A	175	47	30	\N	\N	\N
31	QL 13	30	182	31	\N	\N	\N
32	QL 13	83	182	32	\N	\N	\N
33	HCM	102	182	33	\N	\N	\N
34	HCM	220	182	34	\N	\N	\N
35	HCM	355	182	35	\N	\N	\N
36	HCM	543	182	36	\N	\N	\N
37	HCM	590	182	37	\N	\N	\N
38	HCM	659	182	38	\N	\N	\N
39	HCM	778	182	39	\N	\N	\N
40	HCM	830	182	40	\N	\N	\N
41	HCM	987	182	41	\N	\N	\N
42	HCM	1098	182	42	\N	\N	\N
43	HCM	1275	182	43	\N	\N	\N
44	HCM	1410	182	44	\N	\N	\N
45	HCM	1546	182	45	\N	\N	\N
46	HCM	1666	182	46	\N	\N	\N
47	HCM; QL 6	1848	182	47	\N	\N	\N
48	QL 6	73	47	48	\N	\N	\N
49	QL 6	305	47	49	\N	\N	\N
50	QL 6; QL 279	468	47	50	\N	\N	\N
51	QL 32; QL 4D	437	47	51	\N	\N	\N
52	QL 2	53	47	52	\N	\N	\N
53	QL 2	77	47	53	\N	\N	\N
54	QL 2	156	47	54	\N	\N	\N
55	QL 2	307	47	55	\N	\N	\N
56	QL 2B	25	185	56	\N	\N	\N
57	QL 2A	25	185	57	\N	\N	\N
58	QL 2C	62	185	58	\N	\N	\N
59	QL 2	40	53	59	\N	\N	\N
60	QL 2	26	59	54	\N	\N	\N
61	QL 2	30	54	60	\N	\N	\N
62	QL 2	42	60	61	\N	\N	\N
63	QL 2	27	61	62	\N	\N	\N
64	QL 2	7	62	63	\N	\N	\N
65	QL 2	22	63	64	\N	\N	\N
66	QL 2	23	64	55	\N	\N	\N
67	QL 4C	45	55	65	\N	\N	\N
68	QL 4C	50	183	66	\N	\N	\N
69	QL 4C	20	184	67	\N	\N	\N
70	QL 4C	45	184	68	\N	\N	\N
71	CC QG	26	68	69	\N	\N	\N
72	QL 4C	25	68	70	\N	\N	\N
73	193A	18	70	71	\N	\N	\N
74	ĐT 217	22	70	72	\N	\N	\N
75	ĐT 217	16	72	73	\N	\N	\N
76	ĐT 217	26	73	74	\N	\N	\N
77	QL 34	32	55	75	\N	\N	\N
78	ĐT 176	37	75	76	\N	\N	\N
79	ĐT 176	40	186	77	\N	\N	\N
80	ĐT 182	10	77	66	\N	\N	\N
81	ĐT 176	22	77	78	\N	\N	\N
82	ĐT 182	15	78	70	\N	\N	\N
83	QL 34	25	75	79	\N	\N	\N
84	QL 34	36	79	80	\N	\N	\N
85	QL 34	22	80	74	\N	\N	\N
86	ĐT 176	50	79	81	\N	\N	\N
87	QL 4C	50	80	70	\N	\N	\N
88	QL 34	75	74	82	\N	\N	\N
89	QL 34	15	82	83	\N	\N	\N
90	QL 34	45	83	84	\N	\N	\N
91	QL 279	85	62	85	\N	\N	\N
92	QL 279	23	85	81	\N	\N	\N
93	QL 279	32	81	86	\N	\N	\N
94	QL 279	22	86	87	\N	\N	\N
95	ĐT 212	53	87	82	\N	\N	\N
96	QL 279	10	87	88	\N	\N	\N
97	QL 3	18	88	89	\N	\N	\N
98	QL 3	65	89	84	\N	\N	\N
99	QL 279	75	88	90	\N	\N	\N
100	QL 279	70	90	91	\N	\N	\N
101	QL 279	29	91	92	\N	\N	\N
102	QL 279	29	92	93	\N	\N	\N
103	QL 279	70	93	94	\N	\N	\N
104	QL 279	68	94	95	\N	\N	\N
105	ĐT 203	47	187	96	\N	\N	\N
106	ĐT 203	9	96	97	\N	\N	\N
107		8	96	98	\N	\N	\N
108	ĐT 210	43	96	99	\N	\N	\N
109	ĐT 210	27	99	100	\N	\N	\N
110	ĐT 206	26	100	101	\N	\N	\N
111	ĐT 206	13	101	102	\N	\N	\N
112	ĐT 206	28	102	103	\N	\N	\N
113	ĐT 206	33	103	104	\N	\N	\N
114	QL 3	37	104	84	\N	\N	\N
115	ĐT 206	27	104	100	\N	\N	\N
116	QL 3	24	104	105	\N	\N	\N
117	QL 3	11	105	106	\N	\N	\N
118	ĐT 208	24	105	107	\N	\N	\N
119	QL 4A	43	107	84	\N	\N	\N
120	QL 4A	23	107	108	\N	\N	\N
121	QL 4A	40	108	109	\N	\N	\N
122	QL 3B	45	108	90	\N	\N	\N
123	QL 1B	48	108	91	\N	\N	\N
124	QL 4A	16	109	30	\N	\N	\N
125	QL 1A	3	30	110	\N	\N	\N
126	QL 1A	15	30	29	\N	\N	\N
127	QL 1A	35	29	93	\N	\N	\N
128	QL 4B	22	29	111	\N	\N	\N
129	ĐT 236	15	111	112	\N	\N	\N
130	QL 4B	33	111	113	\N	\N	\N
131	QL 4B	45	113	114	\N	\N	\N
132	QL 31	48	113	94	\N	\N	\N
133	QL 18C	45	114	115	\N	\N	\N
134	QL 18	81	114	95	\N	\N	\N
135	QL 18	85	114	116	\N	\N	\N
136	QL 1A	50	93	117	\N	\N	\N
137	QL 1A	18	117	28	\N	\N	\N
138	QL 37	20	117	118	\N	\N	\N
139	ĐT 265	55	117	119	\N	\N	\N
140	QL 31	22	118	28	\N	\N	\N
141	QL 31	21	118	120	\N	\N	\N
142	QL 37	26	118	121	\N	\N	\N
143	QL 31	32	120	94	\N	\N	\N
144	QL 18	38	121	27	\N	\N	\N
145	QL 37	20	121	122	\N	\N	\N
146	QL 18	43	121	123	\N	\N	\N
147	QL 18	45	123	95	\N	\N	\N
148	QL 10	35	123	124	\N	\N	\N
149	QL 37	3	188	125	\N	\N	\N
150	QL 5	65	125	126	\N	\N	\N
151	QL 5	40	125	127	\N	\N	\N
152	ĐT 353	20	127	128	\N	\N	\N
153	ĐT 360	15	127	124	\N	\N	\N
154	QL 10	50	124	129	\N	\N	\N
155	QL 39B	30	189	130	\N	\N	\N
156	QL 10	23	189	131	\N	\N	\N
157	???	52	131	132	\N	\N	\N
158	QL 21	32	131	25	\N	\N	\N
159	QL 10	30	131	24	\N	\N	\N
160	QL 70	34	59	133	\N	\N	\N
161	QL 37	8	133	134	\N	\N	\N
162	QL 70	64	133	135	\N	\N	\N
163	ĐT 152	25	135	136	\N	\N	\N
164	ĐT 152	20	136	61	\N	\N	\N
165	QL 70	26	135	137	\N	\N	\N
166	QL 279	40	137	138	\N	\N	\N
167	QL 279	31	138	62	\N	\N	\N
168	QL 70	36	137	139	\N	\N	\N
169	QL 70	40	139	140	\N	\N	\N
170	ĐT 153	26	139	141	\N	\N	\N
171	ĐT 153	10	141	78	\N	\N	\N
172	???	40	78	142	\N	\N	\N
173	ĐT 177	40	142	143	\N	\N	\N
174	ĐT 177	60	143	63	\N	\N	\N
175	ĐT 153	18	78	144	\N	\N	\N
176	ĐT 153	20	144	145	\N	\N	\N
177	ĐT 153	25	145	146	\N	\N	\N
178	QL 4D	53	146	140	\N	\N	\N
179	QL 4D	37	140	147	\N	\N	\N
180	ĐT 155	28	147	148	\N	\N	\N
181	ĐT 158	32	148	149	\N	\N	\N
182	ĐT 158	36	149	150	\N	\N	\N
183	ĐT 156	43	150	151	\N	\N	\N
184	ĐT 156	19	151	140	\N	\N	\N
185	QL 4D	40	147	152	\N	\N	\N
186	QL 32	30	152	153	\N	\N	\N
187	QL 4D	34	152	51	\N	\N	\N
188	QL 32	30	153	154	\N	\N	\N
189	QL 279	58	154	155	\N	\N	\N
190	QL 279	36	155	137	\N	\N	\N
191	QL 279	68	154	156	\N	\N	\N
192	QL 279	27	156	157	\N	\N	\N
193	ĐT 107	58	156	158	\N	\N	\N
194	QL 279	7	157	159	\N	\N	\N
195	QL 6	97	157	160	\N	\N	\N
196	QL 6	50	159	161	\N	\N	\N
197	QL 6	28	161	158	\N	\N	\N
198	QL 12	43	160	162	\N	\N	\N
199	QL 12	65	160	163	\N	\N	\N
200	ĐT 127	98	160	164	\N	\N	\N
201	QL 4D	60	163	51	\N	\N	\N
202	QL 4D	30	51	165	\N	\N	\N
203	QL 12	20	165	166	\N	\N	\N
204	QL 12	14	165	167	\N	\N	\N
205	???	21	167	166	\N	\N	\N
206	QL 12	60	167	160	\N	\N	\N
207	M Tè - Pa Tần	70	167	164	\N	\N	\N
208	???	50	164	168	\N	\N	\N
209	???	70	168	169	\N	\N	\N
210	???	30	169	170	\N	\N	\N
211	???	20	169	171	\N	\N	\N
212	???	80	171	172	\N	\N	\N
213	???	60	172	162	\N	\N	\N
214	QL 12	43	162	160	\N	\N	\N
215	QL 12	52	162	50	\N	\N	\N
216	QL 279	80	50	159	\N	\N	\N
217	???	36	50	173	\N	\N	\N
218	ĐT 130	48	50	174	\N	\N	\N
219	ĐT 130 - ĐT 115	98	174	175	\N	\N	\N
220	QL 4G	32	175	176	\N	\N	\N
221	QL 4G	68	176	158	\N	\N	\N
222	QL 6	45	49	177	\N	\N	\N
223	QL 6	75	177	178	\N	\N	\N
224	QL 6	60	178	179	\N	\N	\N
225	QL 6	35	179	180	\N	\N	\N
226	QL 6	30	180	48	\N	\N	\N
227	QL 6	37	48	181	\N	\N	\N
\.


--
-- Name: routes_id_seq; Type: SEQUENCE SET; Schema: public; Owner: homestead
--

SELECT pg_catalog.setval('routes_id_seq', 228, true);


--
-- Data for Name: spatial_ref_sys; Type: TABLE DATA; Schema: public; Owner: postgres
--

COPY spatial_ref_sys  FROM stdin;
\.


--
-- Data for Name: users; Type: TABLE DATA; Schema: public; Owner: homestead
--

COPY users (id, name, email, password, remember_token, created_at, updated_at) FROM stdin;
2	Thai Dep Trai	nvthai.fr@gmail.com	$2y$10$E2F86i3WntIOByYDfKuBH.628i6vS7UBDZrnCr21VIc0MDTb2aWzi	\N	2017-03-26 09:32:06	2017-03-26 09:32:06
1	pnghai	pnghai@gmail.com	$2y$10$5Nt7jRi92Syg1/kELivyk.57CmQjby.AomNW/WUe24yFSeUTKLCOC	VMNssOj6r6aylhmYStRCNgK9ggAEOPEtkXfuK9LRtuarqPUvU7hb3cu0lpPk	2017-03-25 16:40:16	2017-03-25 16:40:16
\.


--
-- Name: users_id_seq; Type: SEQUENCE SET; Schema: public; Owner: homestead
--

SELECT pg_catalog.setval('users_id_seq', 3, true);


--
-- Data for Name: vehicles; Type: TABLE DATA; Schema: public; Owner: homestead
--

COPY vehicles (id, name, created_at, updated_at, deleted_at) FROM stdin;
1	Motorbike	2017-03-26 14:09:24	2017-03-26 14:09:24	\N
2	Car	2017-03-26 14:09:32	2017-03-26 14:09:32	\N
\.


--
-- Name: vehicles_id_seq; Type: SEQUENCE SET; Schema: public; Owner: homestead
--

SELECT pg_catalog.setval('vehicles_id_seq', 3, true);


--
-- Name: location_types_pkey; Type: CONSTRAINT; Schema: public; Owner: homestead
--

ALTER TABLE ONLY location_types
    ADD CONSTRAINT location_types_pkey PRIMARY KEY (id);


--
-- Name: locations_pkey; Type: CONSTRAINT; Schema: public; Owner: homestead
--

ALTER TABLE ONLY locations
    ADD CONSTRAINT locations_pkey PRIMARY KEY (id);


--
-- Name: migrations_pkey; Type: CONSTRAINT; Schema: public; Owner: homestead
--

ALTER TABLE ONLY migrations
    ADD CONSTRAINT migrations_pkey PRIMARY KEY (id);


--
-- Name: route_vehicles_pkey; Type: CONSTRAINT; Schema: public; Owner: homestead
--

ALTER TABLE ONLY route_vehicles
    ADD CONSTRAINT route_vehicles_pkey PRIMARY KEY (id);


--
-- Name: routes_pkey; Type: CONSTRAINT; Schema: public; Owner: homestead
--

ALTER TABLE ONLY routes
    ADD CONSTRAINT routes_pkey PRIMARY KEY (id);


--
-- Name: users_email_unique; Type: CONSTRAINT; Schema: public; Owner: homestead
--

ALTER TABLE ONLY users
    ADD CONSTRAINT users_email_unique UNIQUE (email);


--
-- Name: users_pkey; Type: CONSTRAINT; Schema: public; Owner: homestead
--

ALTER TABLE ONLY users
    ADD CONSTRAINT users_pkey PRIMARY KEY (id);


--
-- Name: vehicles_pkey; Type: CONSTRAINT; Schema: public; Owner: homestead
--

ALTER TABLE ONLY vehicles
    ADD CONSTRAINT vehicles_pkey PRIMARY KEY (id);


--
-- Name: password_resets_email_index; Type: INDEX; Schema: public; Owner: homestead
--

CREATE INDEX password_resets_email_index ON password_resets USING btree (email);


--
-- Name: password_resets_token_index; Type: INDEX; Schema: public; Owner: homestead
--

CREATE INDEX password_resets_token_index ON password_resets USING btree (token);


--
-- Name: locations_location_type_id_foreign; Type: FK CONSTRAINT; Schema: public; Owner: homestead
--

ALTER TABLE ONLY locations
    ADD CONSTRAINT locations_location_type_id_foreign FOREIGN KEY (location_type_id) REFERENCES location_types(id) ON UPDATE SET NULL ON DELETE SET NULL;


--
-- Name: route_vehicles_route_id_foreign; Type: FK CONSTRAINT; Schema: public; Owner: homestead
--

ALTER TABLE ONLY route_vehicles
    ADD CONSTRAINT route_vehicles_route_id_foreign FOREIGN KEY (route_id) REFERENCES routes(id) ON UPDATE CASCADE ON DELETE CASCADE;


--
-- Name: route_vehicles_vehicle_id_foreign; Type: FK CONSTRAINT; Schema: public; Owner: homestead
--

ALTER TABLE ONLY route_vehicles
    ADD CONSTRAINT route_vehicles_vehicle_id_foreign FOREIGN KEY (vehicle_id) REFERENCES vehicles(id) ON UPDATE RESTRICT ON DELETE CASCADE;


--
-- Name: routes_source_foreign; Type: FK CONSTRAINT; Schema: public; Owner: homestead
--

ALTER TABLE ONLY routes
    ADD CONSTRAINT routes_source_foreign FOREIGN KEY (source) REFERENCES locations(id) ON UPDATE SET NULL ON DELETE SET NULL;


--
-- Name: routes_target_foreign; Type: FK CONSTRAINT; Schema: public; Owner: homestead
--

ALTER TABLE ONLY routes
    ADD CONSTRAINT routes_target_foreign FOREIGN KEY (target) REFERENCES locations(id) ON UPDATE SET NULL ON DELETE SET NULL;


--
-- Name: public; Type: ACL; Schema: -; Owner: postgres
--

REVOKE ALL ON SCHEMA public FROM PUBLIC;
REVOKE ALL ON SCHEMA public FROM postgres;
GRANT ALL ON SCHEMA public TO postgres;
GRANT ALL ON SCHEMA public TO PUBLIC;


--
-- PostgreSQL database dump complete
--

